plot_id,plot_type,year,total_captures,species_richness,shannon_diversity,count_dm,count_pp,count_do,count_pb,count_rm,count_ds,count_ot,count_pf,count_pe,count_nl,count_ol,count_pm
1,Spectab exclosure,1977,22,4,1.3108043994323473,9,0,3,0,0,5,0,5,0,0,0,0
1,Spectab exclosure,1978,58,5,0.9363533955610882,20,0,2,0,0,34,1,0,0,0,0,0
1,Spectab exclosure,1979,26,6,1.4273606178598333,7,2,0,0,0,12,2,0,0,0,2,1
1,Spectab exclosure,1980,75,9,1.7265699167300188,24,8,6,0,0,24,4,3,1,4,0,0
1,Spectab exclosure,1981,79,8,1.6776513166530882,15,9,23,0,0,22,1,1,0,6,2,0
1,Spectab exclosure,1982,109,9,1.793237432238962,33,2,25,0,3,23,10,3,0,3,7,0
1,Spectab exclosure,1983,130,10,1.6985972104494105,50,3,23,0,1,30,5,4,0,4,9,0
1,Spectab exclosure,1984,51,9,1.365261854943208,31,0,7,0,0,2,1,0,0,2,5,0
1,Spectab exclosure,1985,102,6,1.1681916404665542,50,0,22,0,0,27,1,0,0,0,0,0
1,Spectab exclosure,1986,57,5,0.9043410421595641,32,0,1,0,0,22,0,0,0,0,0,1
1,Spectab exclosure,1987,98,10,1.5171279227322736,46,0,1,0,1,25,1,0,0,11,2,6
1,Spectab exclosure,1988,69,9,1.6403704483373782,35,0,8,0,2,7,0,0,4,6,3,1
1,Spectab exclosure,1989,80,11,1.907162624416549,19,2,27,0,7,0,9,0,3,1,5,1
1,Spectab exclosure,1990,75,9,1.374005438806588,32,2,29,0,0,0,2,0,0,2,5,0
1,Spectab exclosure,1991,83,9,1.314135003518706,20,6,47,0,1,0,3,0,2,0,2,0
1,Spectab exclosure,1992,61,8,1.470278662402468,14,6,30,0,1,0,3,0,0,1,5,0
1,Spectab exclosure,1993,27,6,1.2905072899250232,15,2,6,0,2,0,1,0,0,1,0,0
1,Spectab exclosure,1994,32,7,0.8185324656572723,26,1,0,0,0,0,1,1,0,0,1,0
1,Spectab exclosure,1995,73,9,1.6538885194375268,25,19,15,6,0,0,2,1,1,0,1,0
1,Spectab exclosure,1996,95,8,1.7031328964681285,14,12,38,9,1,0,10,10,0,0,1,0
1,Spectab exclosure,1997,144,11,1.7034286557681364,16,20,64,9,4,0,22,3,1,1,1,3
1,Spectab exclosure,1998,73,8,1.6033950435489186,18,15,26,6,0,1,5,0,0,0,0,0
1,Spectab exclosure,1999,56,7,1.6002041846633932,19,10,16,4,0,0,4,0,0,1,0,2
1,Spectab exclosure,2000,112,7,1.5580851970402851,17,40,20,26,0,0,7,0,1,1,0,0
1,Spectab exclosure,2001,82,6,1.532563951942914,9,22,17,27,0,0,0,0,0,6,0,0
1,Spectab exclosure,2002,120,8,1.6225105327903684,11,39,32,25,0,0,7,0,0,4,0,0
2,Control,1977,40,9,1.7714935093371647,17,1,0,0,0,2,4,2,3,7,3,0
2,Control,1978,92,9,1.7165199095648167,42,2,0,0,0,11,9,7,7,10,3,0
2,Control,1979,44,9,1.7704466305906097,18,1,0,0,0,2,7,2,1,5,6,2
2,Control,1980,91,11,1.6888451702447889,47,0,8,0,2,9,5,3,2,4,9,0
2,Control,1981,89,8,1.5435296452911462,37,0,8,0,0,27,6,1,3,3,4,0
2,Control,1982,118,12,2.1383085073488473,23,1,14,0,6,27,6,3,16,12,5,0
2,Control,1983,78,12,2.03167979744805,21,1,6,0,2,18,8,1,5,10,0,1
2,Control,1984,44,12,2.0160552065684705,14,0,9,0,1,1,2,0,3,7,1,0
2,Control,1985,104,10,1.5109428357269024,58,0,16,0,0,5,4,0,5,7,6,1
2,Control,1986,63,7,1.394051372975529,35,0,6,0,0,4,0,0,2,10,1,5
2,Control,1987,117,13,2.158092173266469,24,3,21,0,1,9,3,0,16,19,9,8
2,Control,1988,94,10,1.9310921061778714,21,0,24,0,4,1,7,0,19,8,4,0
2,Control,1989,66,12,1.993331538260034,2,2,25,0,9,0,5,0,9,2,5,0
2,Control,1990,57,9,1.4735064056751643,7,1,32,0,2,0,7,0,2,4,0,0
2,Control,1991,87,11,2.0125251692801336,7,5,25,0,8,0,20,0,4,9,5,0
2,Control,1992,75,11,1.9734813756408833,3,5,29,0,7,0,8,0,10,4,3,0
2,Control,1993,32,10,1.9721238735571944,7,0,7,0,4,0,1,1,1,7,1,0
2,Control,1994,36,6,1.5223384580088741,14,5,9,0,1,0,5,0,0,2,0,0
2,Control,1995,77,8,1.4980127594100447,30,25,10,0,1,0,5,0,0,4,1,1
2,Control,1996,115,10,1.8192893175027272,46,15,4,14,7,0,6,1,17,3,0,2
2,Control,1997,159,13,2.263593892458325,23,20,21,31,9,6,20,0,6,8,1,10
2,Control,1998,105,8,1.8724051932285977,32,17,9,12,0,8,14,0,0,12,0,1
2,Control,1999,65,10,2.1586095965650607,9,12,9,7,3,7,3,0,1,9,0,5
2,Control,2000,110,9,1.6221243210737626,4,26,7,48,2,0,9,0,1,11,0,0
2,Control,2001,98,9,1.940962969780196,21,19,3,16,1,0,17,0,5,12,0,0
2,Control,2002,135,11,1.9402749772243608,16,26,11,43,1,0,13,0,8,12,1,0
3,Long-term Krat Exclosure,1977,17,8,1.8438614379613667,6,1,2,0,0,3,1,1,0,2,0,0
3,Long-term Krat Exclosure,1978,27,7,1.597909552939327,1,2,0,0,0,0,9,5,0,8,1,0
3,Long-term Krat Exclosure,1979,19,5,1.4978961026092772,0,0,0,0,2,0,4,4,2,0,7,0
3,Long-term Krat Exclosure,1980,50,8,1.703206722408964,5,0,0,0,8,9,2,20,0,2,1,0
3,Long-term Krat Exclosure,1981,24,7,1.7452712293709278,4,0,0,0,2,5,2,8,1,2,0,0
3,Long-term Krat Exclosure,1982,75,13,1.9177275890144514,2,4,1,0,23,1,1,22,6,8,4,1
3,Long-term Krat Exclosure,1983,59,12,1.988433256609699,10,4,0,0,5,0,1,21,2,3,8,1
3,Long-term Krat Exclosure,1984,51,12,2.1048747162068846,5,7,0,0,3,0,4,0,1,7,16,0
3,Long-term Krat Exclosure,1985,60,9,1.8854041498356724,15,17,0,0,6,0,2,0,5,8,4,2
3,Long-term Krat Exclosure,1986,46,8,1.7745782375024552,0,17,0,0,5,0,5,0,1,8,5,4
3,Long-term Krat Exclosure,1987,79,10,1.8695596440644768,1,19,0,0,18,0,4,0,5,11,1,17
3,Long-term Krat Exclosure,1988,88,12,2.223816313947521,4,20,0,0,18,0,8,0,10,3,4,6
3,Long-term Krat Exclosure,1989,102,10,1.763700804809799,0,11,0,0,40,0,13,0,7,7,0,0
3,Long-term Krat Exclosure,1990,79,10,1.918980022530805,3,7,0,0,25,0,12,15,2,0,0,0
3,Long-term Krat Exclosure,1991,86,10,2.165550430313638,10,18,0,0,11,0,13,5,3,5,4,0
3,Long-term Krat Exclosure,1992,66,11,1.9324968875785087,0,24,0,0,10,0,4,2,4,5,2,0
3,Long-term Krat Exclosure,1993,42,7,1.6636574255339687,3,11,0,0,11,0,0,0,0,11,2,0
3,Long-term Krat Exclosure,1994,34,5,1.2974353739408135,0,15,0,0,10,0,1,0,0,6,0,0
3,Long-term Krat Exclosure,1995,79,8,0.8991082308648701,5,62,3,0,4,0,2,1,0,0,1,1
3,Long-term Krat Exclosure,1996,122,12,1.8309029405135617,3,48,27,4,3,0,10,13,8,0,2,1
3,Long-term Krat Exclosure,1997,122,13,2.0892697897540815,9,22,30,25,3,0,13,6,3,0,0,4
3,Long-term Krat Exclosure,1998,91,9,1.1637723744248654,1,15,3,60,0,0,7,0,0,0,0,1
3,Long-term Krat Exclosure,1999,69,7,0.8398617960174094,1,6,1,54,1,0,5,0,0,0,0,1
3,Long-term Krat Exclosure,2000,87,5,0.741020518772686,0,6,0,69,0,0,9,0,2,1,0,0
3,Long-term Krat Exclosure,2001,89,8,1.3916695070795382,2,12,3,49,0,0,16,3,2,0,0,0
3,Long-term Krat Exclosure,2002,145,10,1.483290390545303,17,25,13,76,0,0,6,3,2,0,1,1
4,Control,1977,22,5,1.3209711040904644,7,0,0,0,0,9,1,4,0,0,0,0
4,Control,1978,56,5,0.9782871259823314,14,0,0,0,0,36,2,3,0,0,0,0
4,Control,1979,31,4,0.9318079905771859,15,0,0,0,0,14,1,0,0,1,0,0
4,Control,1980,104,7,1.3317489790187815,30,1,0,0,0,51,4,8,0,0,9,0
4,Control,1981,64,6,1.1517987118088577,32,0,0,0,1,23,0,5,0,2,1,0
4,Control,1982,102,6,1.23735441271075,55,0,0,0,1,26,3,11,0,0,6,0
4,Control,1983,71,8,1.3323700006698858,33,2,1,0,0,24,0,7,0,1,0,0
4,Control,1984,51,5,0.8861713272269777,36,0,1,0,0,10,0,0,0,0,3,0
4,Control,1985,73,7,1.3930300260859616,35,1,12,0,0,15,1,0,0,0,8,0
4,Control,1986,50,5,1.3390631477147092,20,0,6,0,1,16,0,0,0,0,7,0
4,Control,1987,89,9,1.5373847476552782,41,1,3,0,5,22,0,2,0,1,11,0
4,Control,1988,81,8,1.2677937863507056,49,2,0,0,2,15,0,1,0,1,7,0
4,Control,1989,81,7,0.872335696454624,63,1,0,0,6,6,0,2,0,0,2,0
4,Control,1990,121,3,0.33233028801735065,110,0,0,0,0,10,1,0,0,0,0,0
4,Control,1991,99,9,0.8631998228833664,79,2,1,0,2,0,6,6,0,0,0,0
4,Control,1992,59,6,0.9267821916557395,44,5,1,0,0,0,5,3,0,0,1,0
4,Control,1993,28,3,0.5894010032646803,23,3,0,0,0,0,0,2,0,0,0,0
4,Control,1994,37,3,0.4636550387504186,32,0,0,0,0,0,0,4,0,0,0,0
4,Control,1995,76,6,0.951922130815805,54,11,0,0,0,0,2,7,0,0,1,0
4,Control,1996,93,7,1.095637708286728,52,6,0,0,0,0,2,30,0,0,1,0
4,Control,1997,130,10,1.4160356890147878,74,5,3,2,1,0,15,22,0,0,0,3
4,Control,1998,85,7,0.9932531707108577,60,9,2,1,0,0,11,0,0,0,0,0
4,Control,1999,65,5,0.9686633214190601,45,10,0,3,0,0,6,0,0,0,0,1
4,Control,2000,96,6,1.3316875681457798,26,21,0,41,0,0,5,0,0,0,0,0
4,Control,2001,86,7,1.6981334641746406,29,12,7,19,0,0,7,11,0,0,0,0
4,Control,2002,110,8,1.7060512516652444,17,23,25,31,0,0,4,8,1,0,0,0
5,Rodent Exclosure,1977,26,6,1.380239207939917,10,0,0,0,0,10,2,2,0,1,0,0
5,Rodent Exclosure,1978,58,4,1.1158962033967819,21,0,0,0,0,25,11,0,0,1,0,0
5,Rodent Exclosure,1979,30,3,1.0851886129676505,12,0,0,0,0,10,8,0,0,0,0,0
5,Rodent Exclosure,1980,50,7,1.2274433962117925,32,1,0,0,0,7,4,2,0,2,2,0
5,Rodent Exclosure,1981,79,6,0.8573887768648153,62,0,0,0,0,4,3,5,0,2,3,0
5,Rodent Exclosure,1982,114,8,1.036394426509009,82,0,0,0,1,5,3,1,0,14,6,0
5,Rodent Exclosure,1983,85,9,1.0853916785044924,60,0,0,0,1,8,1,1,0,1,9,1
5,Rodent Exclosure,1984,57,10,1.3552516600568127,34,1,2,0,1,1,4,0,0,1,11,0
5,Rodent Exclosure,1985,88,5,1.179155432833402,45,2,22,0,0,0,2,0,0,0,17,0
5,Rodent Exclosure,1986,51,2,0.669703107035711,31,0,20,0,0,0,0,0,0,0,0,0
5,Rodent Exclosure,1987,62,9,1.6689465770401348,8,3,30,0,2,0,3,2,0,1,6,7
5,Rodent Exclosure,1988,61,10,2.041423140528362,0,6,11,0,12,0,10,1,11,3,1,3
5,Rodent Exclosure,1989,65,11,1.9687686505112094,0,6,1,0,22,0,7,2,11,1,8,0
5,Rodent Exclosure,1990,28,8,1.6891887613447485,2,3,0,0,13,0,3,0,0,0,0,0
5,Rodent Exclosure,1991,44,7,1.2078368329893427,0,7,1,0,27,0,6,0,0,0,1,0
5,Rodent Exclosure,1992,27,8,1.8808047388481328,2,4,5,0,8,0,3,0,1,0,3,0
5,Rodent Exclosure,1993,16,6,1.4880360441781157,4,0,0,0,2,0,7,1,0,0,1,0
5,Rodent Exclosure,1994,20,6,1.621516540824686,7,4,0,0,0,0,2,1,0,0,4,0
5,Rodent Exclosure,1995,25,9,1.991598784275747,2,8,0,0,3,0,3,1,0,0,3,2
5,Rodent Exclosure,1996,43,8,1.5954422635931151,4,3,6,0,0,0,7,20,0,0,0,1
5,Rodent Exclosure,1997,45,9,1.8091122931527828,4,6,0,0,7,0,10,0,1,1,0,14
5,Rodent Exclosure,1998,24,7,1.2904336535288883,2,1,0,0,1,0,3,1,1,0,0,15
5,Rodent Exclosure,1999,34,4,1.1541232735423765,19,0,0,0,0,0,4,0,4,0,0,7
5,Rodent Exclosure,2000,5,3,0.9502705392332347,0,1,0,0,3,0,1,0,0,0,0,0
5,Rodent Exclosure,2001,4,2,0.5623351446188083,0,1,0,0,0,0,0,0,3,0,0,0
5,Rodent Exclosure,2002,9,5,1.5810937501718236,0,2,0,0,2,0,2,0,2,0,0,0
6,Short-term Krat Exclosure,1977,18,4,0.6336632569776564,15,0,0,0,0,1,0,1,0,0,1,0
6,Short-term Krat Exclosure,1978,42,7,1.1643536106634758,20,0,1,0,0,17,1,1,0,1,1,0
6,Short-term Krat Exclosure,1979,18,5,1.2676770290452553,9,0,0,0,0,5,2,0,1,0,1,0
6,Short-term Krat Exclosure,1980,48,7,1.6087376910208435,18,0,4,0,0,13,4,6,0,2,1,0
6,Short-term Krat Exclosure,1981,74,7,1.2904078533138061,26,2,4,0,0,35,2,4,0,0,0,0
6,Short-term Krat Exclosure,1982,84,13,1.9341664369135194,24,2,4,0,1,27,9,5,4,1,2,2
6,Short-term Krat Exclosure,1983,78,13,1.9963461920157277,31,4,14,0,3,5,3,4,1,5,4,1
6,Short-term Krat Exclosure,1984,41,11,1.803608641039567,19,3,6,0,0,1,1,1,4,1,2,1
6,Short-term Krat Exclosure,1985,100,8,1.4592265260436945,32,2,44,0,0,2,3,0,5,0,9,0
6,Short-term Krat Exclosure,1986,39,8,1.5084388137755784,6,3,21,0,0,1,0,0,2,0,3,0
6,Short-term Krat Exclosure,1987,76,9,1.4404206208726005,8,3,45,0,0,0,2,0,6,1,6,4
6,Short-term Krat Exclosure,1988,67,12,2.0513161133874784,6,12,8,0,4,0,4,0,22,1,3,3
6,Short-term Krat Exclosure,1989,53,10,2.0288851142015285,1,12,0,0,8,0,3,4,12,0,2,2
6,Short-term Krat Exclosure,1990,52,11,1.9622262670285426,0,9,0,0,12,0,1,14,3,0,5,0
6,Short-term Krat Exclosure,1991,42,5,1.2068379037837533,2,14,0,0,20,0,1,5,0,0,0,0
6,Short-term Krat Exclosure,1992,32,5,1.235397147250783,1,14,0,0,11,0,0,5,0,0,0,0
6,Short-term Krat Exclosure,1993,26,5,1.345314079115102,0,10,4,0,9,0,0,2,0,0,0,0
6,Short-term Krat Exclosure,1994,17,4,1.1407201964134568,0,6,0,0,2,0,0,8,0,0,0,0
6,Short-term Krat Exclosure,1995,39,9,1.71988504261738,0,6,1,1,4,0,5,17,0,0,3,0
6,Short-term Krat Exclosure,1996,70,8,1.6347525452201512,0,8,18,2,0,0,13,24,0,0,3,0
6,Short-term Krat Exclosure,1997,113,12,2.048114446105076,0,9,26,27,4,0,21,7,6,1,0,6
6,Short-term Krat Exclosure,1998,56,7,1.3749057585373414,0,7,0,20,0,0,23,0,2,0,0,2
6,Short-term Krat Exclosure,1999,45,6,1.5189312871486818,3,7,0,12,1,0,17,0,0,0,0,5
6,Short-term Krat Exclosure,2000,78,5,1.210103513402043,0,29,1,30,2,0,16,0,0,0,0,0
6,Short-term Krat Exclosure,2001,92,6,1.0911418404194406,0,15,0,59,0,0,11,0,0,1,0,1
6,Short-term Krat Exclosure,2002,162,11,1.3431485302324326,1,26,23,94,0,0,8,2,1,3,0,0
7,Rodent Exclosure,1977,9,3,0.6837389058487535,7,0,0,0,0,0,0,1,1,0,0,0
7,Rodent Exclosure,1978,2,1,-0.0,0,0,0,0,0,0,0,0,2,0,0,0
7,Rodent Exclosure,1979,4,3,1.0397207708399179,2,0,0,0,0,0,1,0,0,0,0,1
7,Rodent Exclosure,1980,6,3,0.8675632284814612,4,0,1,0,0,1,0,0,0,0,0,0
7,Rodent Exclosure,1981,1,1,-0.0,0,0,0,0,0,0,0,0,1,0,0,0
7,Rodent Exclosure,1982,24,5,1.3776416774896465,0,0,0,0,5,2,0,0,10,0,0,6
7,Rodent Exclosure,1983,21,3,0.8787513508906517,0,0,0,0,13,0,0,0,2,0,0,6
7,Rodent Exclosure,1984,7,3,0.796311640173813,0,0,0,0,5,0,0,0,0,0,0,1
7,Rodent Exclosure,1985,24,4,1.061845776521178,0,0,0,0,11,0,0,0,10,0,0,0
7,Rodent Exclosure,1986,16,3,0.8305236914828464,0,0,0,0,10,0,0,0,5,0,0,0
7,Rodent Exclosure,1987,59,7,1.6234816461663562,0,0,0,0,21,0,0,0,17,4,0,7
7,Rodent Exclosure,1988,50,4,1.2211217392753921,0,0,0,0,16,0,0,0,22,8,0,4
7,Rodent Exclosure,1989,77,5,1.1205637866231097,0,0,0,0,31,0,0,0,36,0,0,0
7,Rodent Exclosure,1990,47,3,0.7312130551787874,0,0,0,0,33,0,0,0,12,0,0,0
7,Rodent Exclosure,1991,59,5,0.864618366919101,0,1,0,0,40,0,0,0,15,0,0,0
7,Rodent Exclosure,1992,42,7,1.467480947282003,0,6,0,0,20,0,0,0,8,0,0,0
7,Rodent Exclosure,1993,26,4,1.0026127029794925,0,8,0,0,15,0,0,0,0,0,0,0
7,Rodent Exclosure,1994,17,4,1.0710178890244566,0,10,0,0,4,0,0,0,0,0,0,0
7,Rodent Exclosure,1995,19,5,1.1285962936622183,0,3,0,0,12,0,1,0,2,0,0,0
7,Rodent Exclosure,1996,42,4,1.0295038971266446,0,25,0,0,8,0,0,0,0,0,0,8
7,Rodent Exclosure,1997,80,8,1.6772036987392278,0,20,0,8,15,0,2,0,1,0,0,27
7,Rodent Exclosure,1998,30,7,1.5699399382470003,0,10,0,6,0,0,0,0,0,0,0,9
7,Rodent Exclosure,1999,9,4,1.2730283365896256,0,4,0,1,0,0,0,0,0,0,0,2
7,Rodent Exclosure,2000,9,6,1.6769877743224173,0,2,0,1,0,0,3,0,1,0,0,0
7,Rodent Exclosure,2001,23,7,1.506485394636054,0,11,1,4,0,0,4,0,1,0,0,0
7,Rodent Exclosure,2002,26,7,1.5061575267703224,1,13,5,2,0,0,2,0,2,0,0,0
8,Control,1977,15,4,1.3095258353040693,2,0,4,0,0,6,0,3,0,0,0,0
8,Control,1978,50,7,1.585509500530831,8,0,10,0,0,21,5,3,0,0,2,0
8,Control,1979,28,5,1.3999639664902077,8,1,4,0,0,11,0,0,0,0,4,0
8,Control,1980,60,8,1.654689203618695,5,0,15,0,0,21,1,6,0,0,10,0
8,Control,1981,65,9,1.372981299536713,2,0,28,0,0,25,1,4,1,1,2,0
8,Control,1982,67,10,1.8680177573897763,7,3,16,0,0,21,2,10,2,0,4,1
8,Control,1983,60,7,1.3349783258968835,1,0,19,0,0,24,1,13,0,0,1,0
8,Control,1984,47,8,1.4610629582271022,13,1,21,0,0,7,0,0,1,0,2,0
8,Control,1985,81,7,1.3619781654779333,36,1,20,0,0,18,3,0,0,0,2,0
8,Control,1986,37,6,1.309489649847502,5,1,9,0,0,19,1,0,0,0,2,0
8,Control,1987,73,13,1.784549436856843,29,1,10,0,0,18,4,0,3,2,1,0
8,Control,1988,92,10,1.3218639749402838,57,0,9,0,2,13,2,0,1,5,1,0
8,Control,1989,104,9,1.306842755432602,67,2,5,0,6,8,4,0,0,0,10,0
8,Control,1990,88,5,0.5793547803726548,73,0,12,0,1,0,1,0,0,0,0,0
8,Control,1991,91,7,0.6802151918668693,77,2,3,0,2,0,5,0,1,0,1,0
8,Control,1992,54,7,1.3070268177526976,29,0,14,0,0,0,3,1,0,0,4,0
8,Control,1993,37,6,1.1325905192903367,21,0,11,0,0,0,1,1,0,0,2,0
8,Control,1994,44,8,1.43537739693108,21,2,13,0,0,0,1,0,0,0,1,0
8,Control,1995,83,9,1.5884895824364915,21,33,15,0,0,0,1,1,0,0,5,0
8,Control,1996,98,8,1.5076855472923767,12,21,47,0,0,0,4,8,2,0,1,0
8,Control,1997,127,8,1.6270613122959139,26,20,50,1,2,0,17,6,0,0,0,5
8,Control,1998,87,6,1.4864743332215793,24,18,31,9,0,0,3,0,0,0,0,0
8,Control,1999,63,7,1.610442662337218,10,13,23,10,0,0,5,0,0,0,0,0
8,Control,2000,95,5,1.4444482607468632,3,23,29,27,0,0,13,0,0,0,0,0
8,Control,2001,103,7,1.4780527123705418,3,38,21,28,0,0,11,0,0,0,0,1
8,Control,2002,132,5,1.4103376045990268,9,37,49,29,0,0,8,0,0,0,0,0
9,Spectab exclosure,1977,27,6,1.3369576860233547,9,0,1,0,0,12,1,3,0,0,1,0
9,Spectab exclosure,1978,75,6,1.0700396007970596,26,0,1,0,0,41,1,3,0,0,3,0
9,Spectab exclosure,1979,56,6,1.1626816865184346,14,0,3,0,0,33,3,0,0,0,2,0
9,Spectab exclosure,1980,83,7,1.4056190709314993,20,1,7,0,0,38,2,0,0,0,14,0
9,Spectab exclosure,1981,85,8,1.3463068637779008,17,0,16,0,0,44,2,2,0,1,2,0
9,Spectab exclosure,1982,90,8,1.2798542258336674,18,0,6,0,1,54,2,4,0,3,0,0
9,Spectab exclosure,1983,78,10,1.8857463221356825,16,5,16,0,0,23,4,7,0,2,3,0
9,Spectab exclosure,1984,60,7,1.4565878434978132,28,5,15,0,0,6,1,0,0,0,4,0
9,Spectab exclosure,1985,68,8,1.2307334391543643,41,1,9,0,0,12,2,0,0,1,1,0
9,Spectab exclosure,1986,53,5,1.0560935557946944,35,0,7,0,0,7,0,0,0,2,2,0
9,Spectab exclosure,1987,103,10,1.67395642330152,42,0,25,0,0,13,3,0,4,9,4,0
9,Spectab exclosure,1988,82,11,1.6762444687299616,41,0,12,0,5,3,2,0,2,3,10,1
9,Spectab exclosure,1989,89,9,1.5771198714397545,46,0,13,0,9,0,4,0,4,1,6,0
9,Spectab exclosure,1990,86,6,0.6694904303905906,69,1,13,0,0,0,1,0,0,0,0,0
9,Spectab exclosure,1991,83,8,0.924657510808526,64,0,1,0,7,0,3,0,1,0,4,0
9,Spectab exclosure,1992,60,8,0.823605028023763,49,0,0,0,2,0,2,0,0,0,0,0
9,Spectab exclosure,1993,42,3,0.5502728069638475,35,0,0,0,0,0,2,0,0,0,5,0
9,Spectab exclosure,1994,25,6,0.9256504262569104,19,0,1,0,0,0,1,0,0,0,0,0
9,Spectab exclosure,1995,74,6,0.9451175610090642,53,0,12,0,0,0,0,2,4,0,0,0
9,Spectab exclosure,1996,80,10,1.282730978624594,52,3,9,0,0,0,1,8,1,0,2,0
9,Spectab exclosure,1997,110,11,1.7732787661131324,50,3,17,0,2,0,11,5,0,0,5,10
9,Spectab exclosure,1998,63,9,1.2835711716950848,39,3,12,0,0,0,2,2,1,0,0,0
9,Spectab exclosure,1999,66,6,0.9052879107514287,49,8,5,1,0,0,2,0,0,0,0,0
9,Spectab exclosure,2000,97,9,1.525750212871692,42,24,2,13,1,0,11,0,0,0,0,0
9,Spectab exclosure,2001,81,6,0.9978278193359835,54,13,1,0,0,0,11,0,0,1,0,0
9,Spectab exclosure,2002,113,11,1.5173390515994813,49,35,1,7,0,0,12,1,2,0,2,0
10,Rodent Exclosure,1977,4,2,0.5623351446188083,1,0,0,0,0,3,0,0,0,0,0,0
10,Rodent Exclosure,1979,4,3,1.0397207708399179,1,0,0,0,0,0,1,0,0,0,2,0
10,Rodent Exclosure,1980,22,6,1.617950705652769,4,0,0,0,3,0,4,0,0,0,8,0
10,Rodent Exclosure,1981,14,7,1.809514255849282,2,0,0,0,0,1,0,0,2,0,4,1
10,Rodent Exclosure,1982,22,8,1.7029252282320106,1,1,0,0,7,0,0,0,0,1,0,7
10,Rodent Exclosure,1983,9,4,1.0027182645175161,0,0,0,0,6,0,0,0,1,0,0,0
10,Rodent Exclosure,1984,8,2,0.6615632381579821,0,0,0,0,5,0,0,0,0,0,0,0
10,Rodent Exclosure,1985,12,3,0.7214636866925115,0,0,0,0,9,0,0,0,0,0,0,0
10,Rodent Exclosure,1986,8,1,-0.0,0,0,0,0,8,0,0,0,0,0,0,0
10,Rodent Exclosure,1987,27,5,1.2926950083063014,0,0,0,0,11,0,0,0,3,0,0,10
10,Rodent Exclosure,1988,31,6,1.2280550955033682,0,0,0,0,15,0,0,0,0,1,0,11
10,Rodent Exclosure,1989,29,3,0.7562833541179106,0,0,0,0,19,0,0,0,0,0,0,0
10,Rodent Exclosure,1990,23,3,0.5825842452160127,0,0,0,0,19,0,0,0,0,0,0,0
10,Rodent Exclosure,1991,16,5,0.908908734898781,0,0,0,0,12,0,0,0,1,0,0,0
10,Rodent Exclosure,1992,13,1,-0.0,0,0,0,0,13,0,0,0,0,0,0,0
10,Rodent Exclosure,1993,7,1,-0.0,0,0,0,0,7,0,0,0,0,0,0,0
10,Rodent Exclosure,1994,2,2,0.6931471805599453,0,0,0,0,1,0,0,0,0,0,0,0
10,Rodent Exclosure,1995,9,3,0.6837389058487535,0,1,0,0,7,0,0,0,0,0,0,0
10,Rodent Exclosure,1996,9,2,0.34883209584303193,0,0,0,0,8,0,0,0,0,0,0,0
10,Rodent Exclosure,1997,32,4,1.1228210437766697,0,0,0,0,14,0,2,0,0,0,0,13
10,Rodent Exclosure,1998,14,3,0.6559757323365467,0,0,0,0,0,0,0,0,0,0,0,11
10,Rodent Exclosure,1999,1,1,-0.0,0,0,0,0,0,0,0,0,0,0,0,1
10,Rodent Exclosure,2000,2,2,0.6931471805599453,0,0,0,1,0,0,1,0,0,0,0,0
10,Rodent Exclosure,2002,6,3,1.0114042647073516,0,0,3,0,2,0,0,0,0,0,0,0
11,Control,1977,34,6,1.3519760298245531,15,2,0,0,0,11,1,1,0,4,0,0
11,Control,1978,74,9,1.378318155039489,39,6,1,0,0,19,4,1,0,1,2,0
11,Control,1979,42,8,1.5887015471372572,21,3,2,0,1,5,5,0,0,1,4,0
11,Control,1980,64,9,1.8408847920678681,20,2,6,0,2,18,3,6,0,3,4,0
11,Control,1981,86,10,1.5983520399949014,45,7,0,0,1,11,6,1,1,8,4,0
11,Control,1982,112,11,1.6835676553635095,53,4,3,0,5,24,8,2,1,7,3,0
11,Control,1983,110,12,1.8607864238695537,44,0,11,0,5,23,5,8,0,5,3,3
11,Control,1984,57,10,1.7010410373367535,26,1,10,0,0,7,3,0,0,4,3,1
11,Control,1985,83,9,1.6454811400813374,39,2,15,0,5,2,5,0,9,0,5,1
11,Control,1986,63,11,1.5711319663362053,36,1,4,0,4,7,1,0,4,2,2,1
11,Control,1987,70,13,1.7817557121164447,34,5,1,0,1,3,0,0,12,4,3,0
11,Control,1988,93,14,1.747220514837849,51,7,3,0,4,0,3,0,7,4,4,1
11,Control,1989,71,11,1.7519516951474088,32,1,5,0,14,0,3,0,6,0,2,0
11,Control,1990,101,7,1.1267017273718465,60,0,27,0,1,0,4,0,1,0,6,0
11,Control,1991,66,8,1.371176342047434,39,3,10,0,6,0,2,0,2,0,3,0
11,Control,1992,62,12,1.7394520155928859,30,8,1,0,8,0,3,0,5,0,1,0
11,Control,1993,42,5,0.7179617696512507,34,4,1,0,2,0,1,0,0,0,0,0
11,Control,1994,40,2,0.11690684913753106,39,0,0,0,1,0,0,0,0,0,0,0
11,Control,1995,70,8,0.8907496923070011,55,5,1,0,1,0,3,3,0,0,1,0
11,Control,1996,71,8,1.74864433422795,23,7,20,0,6,0,3,6,0,0,0,5
11,Control,1997,97,9,1.7882455086877478,33,11,24,3,4,0,12,4,0,0,0,5
11,Control,1998,80,8,1.4079365220996207,44,9,13,2,0,0,7,0,0,0,0,0
11,Control,1999,61,7,1.4971137815364641,26,11,13,0,0,0,7,0,0,0,0,0
11,Control,2000,73,6,1.493115570484084,20,21,2,19,0,0,10,0,0,0,0,0
11,Control,2001,84,7,1.484725162012656,33,12,2,21,0,0,14,0,1,0,0,0
11,Control,2002,106,12,1.856254464164088,21,24,34,9,0,0,6,0,2,0,2,0
12,Control,1977,28,6,1.4416361968590539,13,3,0,0,0,6,0,1,0,4,0,0
12,Control,1978,59,5,1.2077658110254528,27,2,0,0,0,21,2,0,0,7,0,0
12,Control,1979,44,7,1.5057039266204832,16,0,2,0,0,13,2,0,0,9,1,0
12,Control,1980,97,8,1.2228856678019577,61,2,1,0,3,16,4,0,0,9,1,0
12,Control,1981,112,10,1.3383743225447693,72,2,5,0,4,14,3,0,3,6,2,0
12,Control,1982,131,14,1.673685224264053,72,7,2,0,7,17,2,1,3,9,3,1
12,Control,1983,139,12,2.0024266341831645,47,8,24,0,9,18,12,1,0,8,6,1
12,Control,1984,82,13,1.9192314449216106,36,1,6,0,3,7,10,0,1,6,6,1
12,Control,1985,118,11,1.5754392264453383,61,1,22,0,0,2,11,0,3,7,5,0
12,Control,1986,75,10,1.7950266624882376,32,0,12,0,3,6,7,0,2,8,2,0
12,Control,1987,93,13,2.1214666026453735,30,3,14,0,9,0,7,0,7,7,8,2
12,Control,1988,89,11,1.8515782732389228,17,0,36,0,6,0,3,0,6,5,8,0
12,Control,1989,101,14,2.419637729553371,11,2,14,0,13,0,11,0,10,11,8,0
12,Control,1990,84,11,2.035678670010463,14,0,21,0,10,0,15,0,1,5,4,0
12,Control,1991,65,12,1.8241236578795148,28,1,5,0,8,0,7,0,0,1,9,0
12,Control,1992,57,10,1.7494021886856495,26,9,2,0,6,0,2,0,1,5,3,0
12,Control,1993,50,9,1.3674207316180509,31,5,0,0,1,0,3,0,1,2,5,0
12,Control,1994,43,5,0.6643265141172918,36,0,2,0,0,0,1,0,0,2,2,0
12,Control,1995,65,9,1.2934400612798456,40,12,1,0,1,0,1,3,0,3,1,0
12,Control,1996,122,12,1.53675427162484,72,9,4,1,4,0,9,12,0,4,2,3
12,Control,1997,181,12,1.6870877762727514,85,28,11,1,6,0,22,5,1,17,1,3
12,Control,1998,138,8,1.238359856078451,88,13,8,3,0,0,17,1,0,7,0,1
12,Control,1999,93,9,1.5880103722787164,46,14,9,7,1,0,8,0,0,6,0,1
12,Control,2000,107,9,1.820994515408915,22,29,17,16,0,0,13,0,0,7,0,0
12,Control,2001,77,6,1.6106744653337652,17,22,20,0,0,0,10,0,3,5,0,0
12,Control,2002,113,10,1.8502885340370372,20,28,34,8,0,0,3,0,8,6,0,0
13,Short-term Krat Exclosure,1977,22,3,0.5763820666248933,18,0,0,0,0,0,0,3,0,0,0,0
13,Short-term Krat Exclosure,1978,52,8,1.7090081060926852,21,2,0,0,0,8,2,4,2,0,10,0
13,Short-term Krat Exclosure,1979,30,7,1.5681012647524237,9,0,0,0,0,11,3,1,1,1,4,0
13,Short-term Krat Exclosure,1980,81,9,1.6630387038165109,36,0,5,0,1,17,5,8,0,3,5,0
13,Short-term Krat Exclosure,1981,93,8,1.368903787225152,46,0,4,0,0,29,3,2,2,4,3,0
13,Short-term Krat Exclosure,1982,85,10,1.8188345775626549,36,0,7,0,0,15,2,6,3,6,5,0
13,Short-term Krat Exclosure,1983,68,10,1.6871151117942453,28,1,4,0,0,19,2,2,0,5,3,0
13,Short-term Krat Exclosure,1984,27,8,1.6307278037923418,13,2,1,0,1,4,0,0,0,0,3,0
13,Short-term Krat Exclosure,1985,61,7,1.306381839153402,37,0,7,0,0,7,4,0,0,1,2,0
13,Short-term Krat Exclosure,1986,45,10,1.6454821445102703,23,0,4,0,0,1,0,0,0,4,1,0
13,Short-term Krat Exclosure,1987,74,14,2.2399700274168786,24,0,6,0,7,2,1,0,3,8,7,4
13,Short-term Krat Exclosure,1988,52,11,2.140417084803652,5,0,0,0,3,0,4,0,16,6,2,2
13,Short-term Krat Exclosure,1989,49,11,1.8832857761595516,0,3,0,0,20,0,3,1,9,0,3,1
13,Short-term Krat Exclosure,1990,40,7,1.6247476892411945,0,2,0,0,9,0,14,0,9,0,0,0
13,Short-term Krat Exclosure,1991,61,10,1.9752040311470251,1,10,0,0,16,0,8,10,8,0,3,0
13,Short-term Krat Exclosure,1992,52,14,2.417131585722193,2,6,3,0,4,0,3,7,2,0,11,0
13,Short-term Krat Exclosure,1993,25,10,1.865050656294171,1,5,0,0,1,0,1,0,0,1,10,0
13,Short-term Krat Exclosure,1994,34,7,1.6306143049891182,11,3,0,0,0,0,7,1,0,0,9,0
13,Short-term Krat Exclosure,1995,56,10,1.8469319588376527,10,20,0,0,3,0,3,5,1,0,10,1
13,Short-term Krat Exclosure,1996,89,10,1.69795166160526,17,13,0,0,0,0,13,34,1,0,0,7
13,Short-term Krat Exclosure,1997,92,8,1.682651038338507,0,20,0,34,5,0,7,11,0,0,0,13
13,Short-term Krat Exclosure,1998,73,7,1.4679900627773637,10,6,0,37,0,0,12,0,0,0,0,4
13,Short-term Krat Exclosure,1999,54,4,1.1457042097551493,13,2,0,27,0,0,12,0,0,0,0,0
13,Short-term Krat Exclosure,2000,63,4,1.091147866153781,0,14,0,36,0,0,10,0,3,0,0,0
13,Short-term Krat Exclosure,2001,58,5,1.0189803399636135,0,10,0,37,0,0,9,1,1,0,0,0
13,Short-term Krat Exclosure,2002,95,9,1.2811491628767668,0,7,9,58,0,0,15,2,1,0,0,0
14,Control,1977,27,4,0.8963792765729861,19,0,0,0,0,4,0,1,0,3,0,0
14,Control,1978,47,7,1.3745105586166542,22,1,0,0,0,13,1,0,0,7,2,0
14,Control,1979,48,6,1.1914217233001922,22,0,0,0,1,19,1,0,0,2,3,0
14,Control,1980,69,5,0.9618331200898549,48,0,0,0,0,11,4,0,0,5,1,0
14,Control,1981,92,9,1.4051474463915876,55,0,6,0,0,12,3,3,1,4,7,0
14,Control,1982,107,12,1.4607463799354221,59,0,0,0,3,12,2,2,3,1,21,1
14,Control,1983,84,9,1.8047450124873115,35,0,12,0,4,10,7,0,5,5,5,0
14,Control,1984,48,8,1.5499932078811716,21,0,10,0,1,0,0,0,0,3,9,0
14,Control,1985,73,9,1.345054539104816,40,0,1,0,0,0,6,0,0,3,18,2
14,Control,1986,68,6,1.1171752665296706,43,0,0,0,0,0,2,0,0,8,12,0
14,Control,1987,73,10,1.5532191911408377,40,0,2,0,5,0,0,0,5,7,9,2
14,Control,1988,58,10,1.4118191793225021,36,0,4,0,6,0,0,0,1,4,2,0
14,Control,1989,72,12,1.6089493883870527,42,0,6,0,5,0,1,0,4,3,3,2
14,Control,1990,75,6,0.8306494269433018,57,0,11,0,3,0,1,0,0,0,0,0
14,Control,1991,67,7,0.8404518315397361,53,0,5,0,4,0,2,0,1,0,1,0
14,Control,1992,70,10,1.0804894188196144,52,2,1,0,1,6,1,2,0,0,2,0
14,Control,1993,56,8,1.0650016858693503,41,3,0,0,0,3,0,2,0,1,0,0
14,Control,1994,40,4,0.5086351822547048,35,0,0,0,0,0,0,0,0,0,2,0
14,Control,1995,83,5,0.6672300490601468,68,2,0,0,0,0,0,9,0,0,1,0
14,Control,1996,94,6,0.9301876174471082,70,7,0,0,0,0,3,9,0,0,0,1
14,Control,1997,147,11,1.185728865233063,102,7,0,1,3,0,17,3,1,0,0,7
14,Control,1998,80,8,0.8777830809745581,62,3,0,0,0,0,9,0,1,1,0,1
14,Control,1999,35,4,0.9351772051796067,24,6,0,0,0,0,3,0,0,0,0,0
14,Control,2000,74,6,1.2164308626941789,38,21,0,1,0,0,10,0,0,0,0,0
14,Control,2001,95,10,1.3366323505286584,60,12,3,2,0,0,4,1,0,3,0,1
14,Control,2002,98,7,0.9622148059456782,71,14,0,0,0,0,6,1,0,2,0,0
15,Long-term Krat Exclosure,1977,16,3,0.7356219397587946,12,0,0,0,0,2,0,0,0,2,0,0
15,Long-term Krat Exclosure,1978,19,5,1.2360529342595536,10,5,0,0,0,0,0,2,0,1,0,0
15,Long-term Krat Exclosure,1979,24,5,1.2925718370167558,3,12,0,0,0,0,6,1,0,0,0,2
15,Long-term Krat Exclosure,1980,49,5,1.3558906576900045,13,0,0,0,4,0,13,18,0,0,1,0
15,Long-term Krat Exclosure,1981,33,11,2.154862318391892,5,0,0,0,2,2,0,8,6,2,3,2
15,Long-term Krat Exclosure,1982,72,12,2.087513605845817,1,0,0,0,6,1,7,20,13,7,3,9
15,Long-term Krat Exclosure,1983,38,10,2.104781919993665,0,1,0,0,5,0,6,7,2,7,5,2
15,Long-term Krat Exclosure,1984,24,9,1.943244258377852,1,3,0,0,2,0,2,0,2,8,0,4
15,Long-term Krat Exclosure,1985,12,5,1.5171063970610277,2,0,0,0,3,0,1,0,0,0,0,2
15,Long-term Krat Exclosure,1986,12,5,1.3143738430069454,1,0,0,0,3,0,1,0,0,0,0,1
15,Long-term Krat Exclosure,1987,54,10,1.9850315623254289,0,0,0,0,10,0,3,0,9,2,0,8
15,Long-term Krat Exclosure,1988,36,8,1.715495951020192,0,0,0,0,12,0,2,0,8,8,1,0
15,Long-term Krat Exclosure,1989,42,8,1.6091509824256138,1,0,0,0,15,0,1,0,13,2,3,1
15,Long-term Krat Exclosure,1990,24,7,1.7553367530297495,0,0,0,0,7,0,0,4,5,1,0,0
15,Long-term Krat Exclosure,1991,27,8,1.5842502155197744,0,2,0,0,12,0,1,1,7,0,0,0
15,Long-term Krat Exclosure,1992,10,4,1.313834033192747,0,3,0,0,3,0,0,1,0,0,0,0
15,Long-term Krat Exclosure,1993,17,6,1.5484538320369539,0,4,0,0,4,0,0,6,0,0,0,0
15,Long-term Krat Exclosure,1994,10,5,1.5571130980576455,0,3,0,0,1,0,0,2,0,0,2,0
15,Long-term Krat Exclosure,1995,42,8,1.745120564552285,2,4,0,0,5,0,4,12,0,0,0,0
15,Long-term Krat Exclosure,1996,78,7,1.5868077794784157,12,15,0,0,8,0,5,33,0,0,1,0
15,Long-term Krat Exclosure,1997,99,10,1.9188258827867337,0,27,0,8,8,0,10,23,0,2,0,15
15,Long-term Krat Exclosure,1998,43,10,1.99208530655766,0,12,0,5,1,0,1,2,1,5,0,6
15,Long-term Krat Exclosure,1999,29,5,0.9533855961783363,0,21,0,2,3,0,0,0,0,0,0,1
15,Long-term Krat Exclosure,2000,53,6,0.8131183407109249,0,40,0,0,0,0,9,0,0,0,0,0
15,Long-term Krat Exclosure,2001,57,6,1.4024515048733335,0,26,0,13,0,0,10,2,0,1,0,0
15,Long-term Krat Exclosure,2002,104,11,1.4694221334079445,5,23,1,56,3,0,1,0,2,0,0,0
16,Rodent Exclosure,1977,11,4,1.1209503926735833,6,0,0,0,0,3,1,1,0,0,0,0
16,Rodent Exclosure,1978,14,3,0.7589367727620595,10,0,0,0,0,0,1,0,0,0,3,0
16,Rodent Exclosure,1979,10,3,1.0296530140645737,5,0,0,0,0,0,3,0,0,0,2,0
16,Rodent Exclosure,1980,15,3,0.8532361505557784,9,0,0,0,0,0,5,0,0,0,0,0
16,Rodent Exclosure,1981,3,3,1.0986122886681096,0,0,0,0,0,1,0,0,1,0,0,0
16,Rodent Exclosure,1982,40,10,1.6826613305755211,1,0,0,0,16,1,0,1,12,3,0,1
16,Rodent Exclosure,1983,17,6,1.3945573191650282,0,1,0,0,9,0,0,0,3,1,0,2
16,Rodent Exclosure,1984,15,5,1.2634794940650305,5,0,1,0,7,0,1,0,0,0,1,0
16,Rodent Exclosure,1985,25,6,1.4316618140164612,11,0,2,0,7,0,1,0,0,0,3,0
16,Rodent Exclosure,1986,14,8,1.7721393884375285,0,0,0,0,6,0,1,0,0,0,1,1
16,Rodent Exclosure,1987,44,5,1.4387895791489562,0,0,16,0,11,0,0,0,5,0,0,10
16,Rodent Exclosure,1988,34,5,1.005515407762617,0,0,0,0,23,0,0,0,5,0,0,4
16,Rodent Exclosure,1989,30,5,0.9116797814101484,0,0,0,0,21,0,0,0,6,0,0,1
16,Rodent Exclosure,1990,12,2,0.45056120886630463,0,0,0,0,10,0,0,0,0,0,0,0
16,Rodent Exclosure,1991,18,2,0.2145591551764051,0,0,0,0,17,0,0,0,0,0,0,0
16,Rodent Exclosure,1992,10,3,0.8018185525433373,0,0,0,0,7,0,0,0,1,0,0,0
16,Rodent Exclosure,1993,11,5,1.3667110520552042,1,3,0,0,5,0,0,1,0,0,1,0
16,Rodent Exclosure,1994,6,3,0.8675632284814612,1,1,0,0,4,0,0,0,0,0,0,0
16,Rodent Exclosure,1995,11,5,1.294545165844896,1,1,0,0,6,0,0,0,0,0,0,0
16,Rodent Exclosure,1996,28,6,1.2256186125549913,17,0,1,0,5,0,1,0,0,0,0,2
16,Rodent Exclosure,1997,60,8,1.836673605502189,11,5,0,5,6,0,3,0,7,0,0,21
16,Rodent Exclosure,1998,32,7,1.6002661065596675,0,7,0,5,1,0,3,0,0,0,0,13
16,Rodent Exclosure,1999,10,3,0.8018185525433373,0,7,0,0,2,0,0,0,0,0,0,1
16,Rodent Exclosure,2000,17,8,2.006954892210765,1,3,2,3,2,0,3,0,0,0,0,2
16,Rodent Exclosure,2001,18,7,1.676987774322417,1,4,1,4,0,0,6,0,1,0,0,0
16,Rodent Exclosure,2002,44,9,1.826261112507088,2,7,8,13,1,0,9,1,2,0,0,0
17,Control,1977,37,7,1.3779826858128024,20,0,2,0,1,8,2,0,0,3,1,0
17,Control,1978,87,10,1.5883603485327857,39,0,7,0,1,22,3,0,2,2,9,1
17,Control,1979,51,7,1.6044595911506896,10,0,10,0,0,20,5,0,2,3,1,0
17,Control,1980,89,9,1.7530753143761115,20,0,21,0,1,24,6,0,1,2,12,0
17,Control,1981,79,10,1.7893370833520386,15,0,12,0,2,27,14,0,2,1,3,0
17,Control,1982,77,10,1.9363849526418264,25,0,11,0,8,6,12,1,1,8,3,2
17,Control,1983,67,11,1.8706330502830415,26,0,6,0,5,12,5,1,1,7,1,0
17,Control,1984,46,8,1.3386461151355702,29,0,2,0,2,2,3,0,0,5,0,0
17,Control,1985,61,8,1.478093767973628,25,0,20,0,3,0,3,0,0,7,1,1
17,Control,1986,41,7,1.4699886189459734,13,0,15,0,0,0,0,0,1,8,2,1
17,Control,1987,64,10,1.9038027517068483,6,0,24,0,9,0,2,0,5,9,2,4
17,Control,1988,69,10,1.8867424437897273,1,0,24,0,6,0,13,0,8,7,0,0
17,Control,1989,87,9,1.9472478684312324,6,0,21,0,19,0,6,0,11,13,0,0
17,Control,1990,63,8,1.6610779113788559,15,0,25,0,5,0,2,0,2,9,2,0
17,Control,1991,62,9,1.764076911087734,16,4,22,0,7,0,4,2,1,5,0,0
17,Control,1992,75,9,1.3707924876949849,46,8,8,0,2,0,1,4,0,0,3,0
17,Control,1993,58,9,1.4089448349707285,34,5,0,0,1,0,2,9,1,0,3,0
17,Control,1994,53,4,0.7257487940111516,42,0,0,0,0,0,2,5,0,0,0,0
17,Control,1995,82,7,1.1855142293284713,48,4,0,0,3,0,4,21,0,0,0,0
17,Control,1996,94,7,1.2162688839813092,59,6,0,0,2,0,8,15,0,0,0,2
17,Control,1997,155,10,1.594949208749006,84,12,6,2,4,0,22,6,0,6,0,9
17,Control,1998,125,10,1.3143131015203835,79,16,7,2,0,0,11,1,1,2,0,2
17,Control,1999,74,7,1.3415835712703796,44,7,8,0,0,0,7,0,0,1,0,0
17,Control,2000,95,7,1.3807417284170378,49,20,9,3,0,0,11,0,0,0,0,0
17,Control,2001,112,8,1.3274160299439357,65,12,0,15,1,0,13,1,0,3,0,0
17,Control,2002,134,8,1.4705654459985538,53,17,1,45,0,0,8,0,0,5,0,0
18,Short-term Krat Exclosure,1977,25,3,0.6350047569400391,20,0,0,0,0,2,0,0,0,3,0,0
18,Short-term Krat Exclosure,1978,69,8,1.1689469883889652,39,1,0,0,0,21,0,1,1,3,2,0
18,Short-term Krat Exclosure,1979,45,7,1.5589335894495187,10,0,10,0,0,17,2,1,0,1,4,0
18,Short-term Krat Exclosure,1980,74,8,1.617185086687063,19,0,13,0,0,27,7,1,0,4,0,0
18,Short-term Krat Exclosure,1981,72,7,1.3764594427381636,37,0,1,0,0,17,4,0,0,6,6,1
18,Short-term Krat Exclosure,1982,88,13,1.9170407007025527,31,2,1,0,6,23,4,2,1,7,3,6
18,Short-term Krat Exclosure,1983,89,8,1.719653894976675,38,0,7,0,7,14,8,1,0,6,8,0
18,Short-term Krat Exclosure,1984,47,8,1.6974927676145324,20,0,3,0,4,6,5,0,1,7,1,0
18,Short-term Krat Exclosure,1985,56,8,1.133436919643294,39,0,4,0,1,0,2,0,1,2,6,1
18,Short-term Krat Exclosure,1986,30,6,1.1267836604021833,20,0,0,0,1,0,0,0,0,2,2,4
18,Short-term Krat Exclosure,1987,70,9,1.59704844129874,36,0,1,0,5,0,3,0,9,8,1,3
18,Short-term Krat Exclosure,1988,34,9,1.930803755385294,6,0,1,0,1,0,8,0,4,0,0,8
18,Short-term Krat Exclosure,1989,44,9,1.7139464255374683,0,2,0,0,14,0,3,1,1,0,0,15
18,Short-term Krat Exclosure,1990,44,10,2.0068240321594755,0,8,0,0,11,0,1,5,7,6,2,0
18,Short-term Krat Exclosure,1991,51,10,1.9700213977126522,0,5,0,0,12,0,8,13,2,5,2,0
18,Short-term Krat Exclosure,1992,41,6,1.2239698788528357,0,10,0,0,4,0,1,23,0,0,2,0
18,Short-term Krat Exclosure,1993,42,5,1.3665012959735823,0,15,0,0,11,0,2,12,0,0,0,0
18,Short-term Krat Exclosure,1994,14,4,1.1952684170869834,0,3,0,0,3,0,0,7,0,0,0,0
18,Short-term Krat Exclosure,1995,45,4,0.687780085045991,0,3,0,0,5,0,0,36,0,0,1,0
18,Short-term Krat Exclosure,1996,53,3,0.951070931493851,0,16,0,0,7,0,0,30,0,0,0,0
18,Short-term Krat Exclosure,1997,82,10,1.9439803402712363,0,20,1,9,13,0,5,14,0,0,0,15
18,Short-term Krat Exclosure,1998,55,5,1.4433242389711904,0,14,0,22,4,0,9,0,0,0,0,6
18,Short-term Krat Exclosure,1999,43,5,1.0076913440946202,0,2,0,30,5,0,4,0,0,0,0,2
18,Short-term Krat Exclosure,2000,67,8,0.897841089680888,0,5,0,52,0,0,5,0,0,0,0,0
18,Short-term Krat Exclosure,2001,54,6,0.7418477835478413,0,1,0,44,4,0,0,3,1,0,0,0
18,Short-term Krat Exclosure,2002,105,7,0.4809748059048478,0,0,0,95,2,0,2,0,2,2,1,0
19,Long-term Krat Exclosure,1977,15,5,0.9495936677167384,11,0,0,0,1,1,0,0,1,0,0,0
19,Long-term Krat Exclosure,1978,9,5,1.5810937501718236,0,0,0,0,1,0,2,2,2,0,0,2
19,Long-term Krat Exclosure,1979,9,5,1.464816384890813,3,0,0,0,1,0,0,0,3,1,1,0
19,Long-term Krat Exclosure,1980,36,8,1.752890155269602,7,0,1,0,12,0,3,4,7,0,0,0
19,Long-term Krat Exclosure,1981,30,7,1.6730893292635816,0,0,0,0,9,0,2,6,3,0,0,8
19,Long-term Krat Exclosure,1982,64,10,1.8058843365539938,2,0,0,0,16,0,2,12,4,0,2,21
19,Long-term Krat Exclosure,1983,46,7,1.5317891898902,0,0,0,0,14,0,1,13,4,1,0,12
19,Long-term Krat Exclosure,1984,19,5,1.3534969086354534,0,0,0,0,8,0,0,5,1,0,0,1
19,Long-term Krat Exclosure,1985,21,9,1.9480533458214964,4,1,0,0,5,0,2,1,1,0,0,5
19,Long-term Krat Exclosure,1986,12,4,0.8369882167858358,0,1,0,0,1,0,1,0,0,0,0,9
19,Long-term Krat Exclosure,1987,50,5,1.340222651275,0,7,0,0,22,0,1,0,7,0,0,13
19,Long-term Krat Exclosure,1988,39,8,1.8217184498175922,0,5,0,0,13,0,7,0,1,0,0,6
19,Long-term Krat Exclosure,1989,54,11,1.7888007739459917,0,1,0,0,20,0,2,3,15,0,0,4
19,Long-term Krat Exclosure,1990,52,7,1.4746384583707526,0,0,0,0,20,0,4,11,14,0,0,0
19,Long-term Krat Exclosure,1991,53,10,1.8219168086562796,0,0,0,0,20,0,7,7,2,1,0,0
19,Long-term Krat Exclosure,1992,31,8,1.7571586719031749,0,5,0,0,12,0,2,3,1,0,2,0
19,Long-term Krat Exclosure,1993,34,6,1.4928174367560334,0,12,0,0,6,0,1,10,1,0,4,0
19,Long-term Krat Exclosure,1994,29,4,0.8373491018663956,0,5,0,0,2,0,0,21,0,0,0,0
19,Long-term Krat Exclosure,1995,31,4,0.8349387036583538,0,21,0,0,1,0,0,8,0,0,0,0
19,Long-term Krat Exclosure,1996,57,6,1.320936601890773,0,29,0,4,3,0,1,15,0,0,0,5
19,Long-term Krat Exclosure,1997,101,8,1.679162622863606,0,22,0,31,8,0,2,18,1,0,0,18
19,Long-term Krat Exclosure,1998,76,6,1.0378094648723812,0,12,0,52,0,0,4,1,0,0,0,5
19,Long-term Krat Exclosure,1999,66,5,0.7797116436614795,1,3,0,52,0,0,6,0,0,0,0,4
19,Long-term Krat Exclosure,2000,51,3,0.7723655651684387,0,16,0,33,0,0,2,0,0,0,0,0
19,Long-term Krat Exclosure,2001,58,8,1.3234730901739051,0,12,0,32,1,0,8,1,2,0,0,0
19,Long-term Krat Exclosure,2002,108,10,1.2963396937262595,1,30,0,59,1,0,7,0,5,0,0,0
20,Short-term Krat Exclosure,1977,27,4,0.8644271369110641,18,0,0,0,0,7,0,0,1,1,0,0
20,Short-term Krat Exclosure,1978,42,8,1.4112082150095426,21,1,0,0,0,10,1,1,1,6,1,0
20,Short-term Krat Exclosure,1979,31,7,1.620059796780097,4,1,0,0,0,13,3,3,1,6,0,0
20,Short-term Krat Exclosure,1980,62,9,1.6021117141960262,22,1,0,0,2,21,3,0,1,8,3,0
20,Short-term Krat Exclosure,1981,76,11,1.634053710307896,34,0,0,0,1,20,4,0,6,4,3,1
20,Short-term Krat Exclosure,1982,100,13,2.1231023590179317,29,4,11,0,6,18,9,4,1,11,1,0
20,Short-term Krat Exclosure,1983,82,11,1.9034877492137554,23,1,12,0,2,16,1,0,2,11,0,0
20,Short-term Krat Exclosure,1984,51,9,1.6755191822463944,24,0,5,0,0,8,3,0,2,5,1,0
20,Short-term Krat Exclosure,1985,40,7,1.6032405925848505,17,0,7,0,0,5,0,0,4,5,1,0
20,Short-term Krat Exclosure,1986,34,8,1.4773681575663868,17,1,6,0,0,0,0,0,0,6,1,1
20,Short-term Krat Exclosure,1987,85,10,1.7768981857675192,39,0,10,0,4,0,2,0,8,9,3,0
20,Short-term Krat Exclosure,1988,53,12,2.0597258424788314,4,1,3,0,8,0,6,0,10,15,0,2
20,Short-term Krat Exclosure,1989,59,8,1.7668311871687572,5,0,0,0,22,0,5,0,5,10,0,0
20,Short-term Krat Exclosure,1990,32,9,1.937663973082612,0,0,0,0,9,0,5,2,7,2,1,0
20,Short-term Krat Exclosure,1991,46,11,1.9021045434071517,0,3,0,0,18,0,1,9,3,2,0,0
20,Short-term Krat Exclosure,1992,25,8,1.7166648119572874,0,9,0,0,7,0,0,1,0,0,0,0
20,Short-term Krat Exclosure,1993,20,6,1.5274896174173205,0,5,0,0,2,0,0,8,0,0,1,0
20,Short-term Krat Exclosure,1994,12,6,1.5607104090414068,0,4,0,0,1,0,0,4,0,0,0,0
20,Short-term Krat Exclosure,1995,39,8,1.6068480863448242,0,13,0,0,6,0,1,13,0,0,0,1
20,Short-term Krat Exclosure,1996,61,7,1.4876008573124995,0,17,0,2,7,0,6,26,2,0,0,0
20,Short-term Krat Exclosure,1997,97,9,1.9824768964438375,0,16,0,3,5,0,5,28,9,7,0,16
20,Short-term Krat Exclosure,1998,51,10,1.955106676608105,0,12,0,3,3,0,5,14,2,1,0,8
20,Short-term Krat Exclosure,1999,33,7,1.4715437763238262,0,16,0,1,7,0,4,0,0,1,0,3
20,Short-term Krat Exclosure,2000,51,5,1.3019815760355213,0,18,0,20,1,0,4,0,0,8,0,0
20,Short-term Krat Exclosure,2001,76,10,1.5533322282318298,0,10,0,41,3,0,3,1,5,9,0,0
20,Short-term Krat Exclosure,2002,89,8,1.1675945812724549,1,4,0,62,2,0,5,0,4,7,0,0
21,Long-term Krat Exclosure,1977,17,6,1.5626639830847018,7,0,0,0,0,1,3,1,0,0,3,0
21,Long-term Krat Exclosure,1978,23,5,1.3655864093679217,0,2,0,0,1,0,10,6,0,0,4,0
21,Long-term Krat Exclosure,1979,10,4,1.1682824501765625,1,0,0,0,0,0,3,5,1,0,0,0
21,Long-term Krat Exclosure,1980,23,6,1.5346432127944796,1,1,0,0,5,0,8,6,0,0,0,0
21,Long-term Krat Exclosure,1981,20,8,1.9137544451129627,0,0,0,0,2,1,5,5,1,2,2,2
21,Long-term Krat Exclosure,1982,54,8,1.3273691746039125,2,1,0,0,12,0,1,31,0,0,3,2
21,Long-term Krat Exclosure,1983,35,8,1.7178583806479697,0,1,0,0,10,0,6,11,0,2,0,2
21,Long-term Krat Exclosure,1984,14,5,1.3316643102930148,0,0,0,0,7,0,2,1,0,0,0,1
21,Long-term Krat Exclosure,1985,38,8,1.5120079206395132,16,0,0,0,12,0,0,0,1,0,3,1
21,Long-term Krat Exclosure,1986,17,7,1.6242225882334722,0,0,0,0,7,0,0,2,1,1,0,4
21,Long-term Krat Exclosure,1987,37,5,0.9158320912100186,0,0,0,0,26,0,0,0,1,1,2,7
21,Long-term Krat Exclosure,1988,36,6,1.3603358027070807,0,0,0,0,19,0,2,0,0,2,0,0
21,Long-term Krat Exclosure,1989,72,8,1.5315133315902707,0,0,0,0,36,0,9,0,0,9,0,0
21,Long-term Krat Exclosure,1990,33,5,1.17124611071823,0,0,0,0,20,0,2,0,0,0,0,0
21,Long-term Krat Exclosure,1991,25,6,1.4701126829418383,0,3,0,0,11,0,0,3,0,0,0,0
21,Long-term Krat Exclosure,1992,21,6,1.5538843584684239,0,6,0,0,7,0,1,4,0,0,0,0
21,Long-term Krat Exclosure,1993,24,4,1.1523610730564942,0,5,0,0,6,0,0,12,0,0,0,0
21,Long-term Krat Exclosure,1994,29,3,0.7562833541179105,0,9,0,0,0,0,0,19,0,0,0,0
21,Long-term Krat Exclosure,1995,39,4,1.0270362542406357,0,21,0,0,4,0,0,13,0,0,0,0
21,Long-term Krat Exclosure,1996,71,6,1.2913134596166886,0,32,0,0,6,0,3,25,0,0,0,1
21,Long-term Krat Exclosure,1997,111,7,1.703488661969069,0,25,0,38,8,0,8,18,0,0,0,11
21,Long-term Krat Exclosure,1998,80,9,1.316523069289567,3,6,0,52,1,0,6,4,0,0,0,2
21,Long-term Krat Exclosure,1999,56,8,1.244876873574043,11,5,0,34,2,0,1,0,0,0,0,0
21,Long-term Krat Exclosure,2000,61,2,0.32146596248225834,0,6,0,55,0,0,0,0,0,0,0,0
21,Long-term Krat Exclosure,2001,84,3,0.17680875253870132,0,0,0,81,0,0,2,0,0,0,0,0
21,Long-term Krat Exclosure,2002,105,3,0.10751191408464261,0,0,0,103,0,0,1,0,0,1,0,0
22,Control,1977,20,6,0.9646946227273333,15,0,0,0,0,1,1,1,0,1,1,0
22,Control,1978,37,6,1.1986160252740239,9,0,0,0,0,21,1,1,0,1,4,0
22,Control,1979,33,5,1.2823855431161972,11,0,0,0,0,15,3,2,0,0,2,0
22,Control,1980,43,7,1.175890693367164,8,0,0,0,1,27,0,4,0,0,1,0
22,Control,1981,64,6,1.261287848723913,18,0,0,0,0,34,3,4,0,0,3,0
22,Control,1982,84,8,1.239672489482813,21,0,1,0,0,48,1,7,3,0,2,0
22,Control,1983,94,9,1.428640613082393,39,0,0,0,3,34,2,9,0,4,0,0
22,Control,1984,38,8,1.5395696285447018,13,2,0,0,0,14,5,0,1,0,1,1
22,Control,1985,46,10,1.5795646765034288,25,7,1,0,0,3,3,0,2,1,2,0
22,Control,1986,35,5,1.0915771438669835,23,2,0,0,0,5,2,0,3,0,0,0
22,Control,1987,51,9,1.699106608032862,21,0,2,0,1,12,2,0,3,6,3,0
22,Control,1988,58,9,1.55387689822343,27,0,1,0,2,15,4,0,3,4,0,0
22,Control,1989,58,7,1.5229519649689598,22,0,0,0,4,19,4,0,6,0,0,0
22,Control,1990,36,5,1.1624803951823819,20,0,0,0,0,7,1,0,0,0,0,0
22,Control,1991,33,10,1.8296625781732576,7,2,0,0,1,11,7,1,1,1,0,0
22,Control,1992,25,6,1.2351197851289215,9,1,0,0,0,12,0,1,1,0,1,0
22,Control,1993,25,5,1.2194752060369374,3,0,0,0,2,15,0,3,0,0,0,0
22,Control,1994,23,4,1.1312894771478121,10,3,0,0,0,9,0,0,0,0,0,0
22,Control,1995,34,7,1.1926558069085795,22,3,0,0,0,0,1,5,0,0,0,0
22,Control,1996,60,5,1.0711345059499922,39,4,0,3,0,0,3,11,0,0,0,0
22,Control,1997,108,8,1.4143076028453558,59,5,0,21,3,0,10,6,0,0,0,3
22,Control,1998,85,5,1.10350230000734,40,0,0,31,0,0,12,0,0,0,0,0
22,Control,1999,61,4,0.9906031882848999,28,1,0,27,0,0,5,0,0,0,0,0
22,Control,2000,72,4,0.7142670193871758,10,5,0,56,0,0,1,0,0,0,0,0
22,Control,2001,73,6,1.164401385643723,11,6,0,45,0,0,9,1,0,0,0,0
22,Control,2002,91,7,0.7261483706662077,12,2,0,73,0,0,1,0,0,0,1,0
23,Rodent Exclosure,1977,8,2,0.37677016125643675,7,0,0,0,0,1,0,0,0,0,0,0
23,Rodent Exclosure,1979,6,2,0.6365141682948128,0,0,0,0,0,0,2,0,4,0,0,0
23,Rodent Exclosure,1980,16,6,1.3633631023481716,9,0,0,0,0,2,0,0,2,0,0,1
23,Rodent Exclosure,1981,10,4,1.2798542258336676,0,0,0,0,4,0,0,0,0,0,0,0
23,Rodent Exclosure,1982,50,11,2.1453026551911814,6,1,0,0,12,2,4,4,7,0,0,1
23,Rodent Exclosure,1983,18,6,1.351039415837016,0,0,0,0,10,0,1,1,2,0,0,1
23,Rodent Exclosure,1984,13,6,1.2852930241200995,1,0,1,0,8,0,0,0,0,1,0,0
23,Rodent Exclosure,1985,10,3,0.8979457248567797,1,0,0,0,6,0,3,0,0,0,0,0
23,Rodent Exclosure,1986,15,6,1.679204331602707,0,0,3,0,4,0,3,0,3,0,0,1
23,Rodent Exclosure,1987,46,6,1.4301745860623145,0,0,0,0,15,0,0,0,6,0,0,18
23,Rodent Exclosure,1988,45,11,1.817909277950938,0,0,0,0,18,0,1,0,11,1,1,2
23,Rodent Exclosure,1989,30,6,0.9783618749619164,0,0,0,0,22,0,2,0,3,0,0,0
23,Rodent Exclosure,1990,23,6,1.3013483047341987,0,0,0,0,13,0,0,0,4,0,0,0
23,Rodent Exclosure,1991,22,3,0.36764947740014225,0,0,0,0,20,0,0,0,1,0,0,0
23,Rodent Exclosure,1992,16,2,0.37677016125643675,0,0,0,0,14,0,0,0,0,0,0,0
23,Rodent Exclosure,1993,8,3,1.0397207708399179,0,0,0,0,4,0,0,0,0,0,0,0
23,Rodent Exclosure,1994,7,2,0.6829081047004717,0,0,0,0,4,0,0,0,0,0,0,0
23,Rodent Exclosure,1995,6,5,1.5607104090414063,0,0,0,0,2,0,0,0,0,0,0,1
23,Rodent Exclosure,1996,20,6,1.6002654089254125,0,2,0,0,8,0,0,0,0,0,0,3
23,Rodent Exclosure,1997,36,5,1.073524810182097,0,1,0,0,14,0,2,0,0,0,0,18
23,Rodent Exclosure,1998,10,4,0.9404479886553264,0,0,0,0,0,0,0,0,1,0,0,7
23,Rodent Exclosure,1999,8,4,1.3208883431493221,0,0,0,0,2,0,2,0,0,0,0,3
23,Rodent Exclosure,2000,3,2,0.6365141682948128,0,0,0,0,2,0,0,0,0,0,0,0
23,Rodent Exclosure,2001,12,6,1.539654447440098,0,0,0,1,3,0,0,1,5,0,0,0
23,Rodent Exclosure,2002,18,7,1.7540041277179665,2,1,0,2,4,0,1,0,6,0,0,0
24,Rodent Exclosure,1979,15,5,1.2293362159076602,8,0,0,0,1,4,1,0,1,0,0,0
24,Rodent Exclosure,1980,68,9,1.6792966306221506,31,0,1,0,2,10,5,0,6,9,3,0
24,Rodent Exclosure,1981,73,8,1.4363684260796525,35,0,16,0,1,0,1,0,9,9,1,1
24,Rodent Exclosure,1982,95,10,1.941047550281852,26,0,15,0,9,1,4,0,17,10,0,11
24,Rodent Exclosure,1983,96,12,2.1502723037572413,26,0,12,0,13,2,7,2,8,10,0,9
24,Rodent Exclosure,1984,53,9,1.5797406171689754,27,0,8,0,2,0,2,0,3,7,2,1
24,Rodent Exclosure,1985,60,11,1.4310344093990794,38,0,1,0,4,0,3,0,5,3,1,1
24,Rodent Exclosure,1986,41,7,0.7554610374831036,34,0,1,0,0,0,1,0,2,1,0,1
24,Rodent Exclosure,1987,74,12,1.6509819534343138,40,0,2,0,5,0,2,0,8,8,1,3
24,Rodent Exclosure,1988,46,7,1.5691938094094244,5,0,0,0,10,0,0,0,19,7,0,0
24,Rodent Exclosure,1989,47,10,1.9209458011845573,4,0,2,0,16,0,7,0,6,7,0,0
24,Rodent Exclosure,1990,21,7,1.5834783417800256,0,1,1,0,8,0,0,0,6,0,0,0
24,Rodent Exclosure,1991,46,9,1.4467680891001908,1,0,2,0,25,0,3,0,10,1,1,0
24,Rodent Exclosure,1992,24,5,1.3381745750342398,0,0,0,0,11,0,0,0,7,0,2,0
24,Rodent Exclosure,1993,19,4,1.0280940565630372,0,0,0,0,8,0,0,0,9,1,0,0
24,Rodent Exclosure,1994,11,4,1.1209503926735833,0,0,0,0,6,0,0,0,3,0,0,0
24,Rodent Exclosure,1995,23,5,1.1580510496905325,0,0,0,0,13,0,0,0,6,1,0,1
24,Rodent Exclosure,1996,24,5,1.393475656901964,0,0,0,0,7,0,0,0,5,0,0,9
24,Rodent Exclosure,1997,64,8,1.6014963464190792,0,1,0,0,10,0,0,1,20,5,0,22
24,Rodent Exclosure,1998,34,7,1.5572683927854738,1,3,0,1,2,0,0,0,14,4,0,9
24,Rodent Exclosure,1999,12,5,1.4677339293271525,0,2,0,0,1,0,0,0,2,2,0,5
24,Rodent Exclosure,2000,31,9,1.794696968079354,1,11,2,5,2,0,1,0,7,1,0,0
24,Rodent Exclosure,2001,24,8,1.9068215421795462,0,3,2,0,2,0,2,1,5,7,0,0
24,Rodent Exclosure,2002,24,7,1.59741671248676,0,2,0,2,2,0,0,0,10,6,0,0
